City;Rank;State;Growth From 2000 to 2013;Population;Coordinates
Marysville;552;Washington;115.7;63269;48.0517637,-122.1770818
Perris;466;California;98.7;72326;33.7825194,-117.2286478
Cleveland;48;Ohio;-18.1;390113;41.49932,-81.6943605
Worcester;129;Massachusetts;5.8;182544;42.2625932,-71.8022934
Columbia;192;South Carolina;11.7;133358;34.0007104,-81.0348144
Waterbury;253;Connecticut;2.2;109676;41.5581525,-73.0514965
Eagan;529;Minnesota;2.6;65453;44.8041322,-93.1668858
Southfield;459;Michigan;-6.7;73006;42.4733688,-83.2218731
Lafayette;214;Louisiana;11.0;124276;30.2240897,-92.0198427
Boise City;98;Idaho;9.5;214237;43.6187102,-116.2146068
Elkhart;721;Indiana;-2.5;51265;41.6819935,-85.9766671
Buena Park;386;California;6.1;82882;33.8675143,-117.9981181
Marietta;608;Georgia;-3.8;59089;33.952602,-84.5499327
Parker;770;Colorado;96.4;48608;39.5186002,-104.7613633
West Palm Beach;280;Florida;23.5;102436;26.7153424,-80.0533746
Salem;866;Massachusetts;5.1;42544;42.51954,-70.8967155
Aurora;114;Illinois;38.4;199963;41.7605849,-88.3200715
Leesburg;783;Virginia;66.0;47673;39.1156615,-77.5636015
Doral;738;Florida;137.6;50213;25.8195424,-80.3553302
Westminster;331;California;3.9;91739;33.7513419,-117.9939921
Lubbock;84;Texas;19.6;239538;33.5778631,-101.8551665
Overland Park;132;Kansas;19.4;181260;38.9822282,-94.6707917
Jackson;138;Mississippi;-6.8;172638;32.2987573,-90.1848103
Gastonia;457;North Carolina;8.2;73209;35.262082,-81.1873005
Daytona Beach;559;Florida;-2.3;62316;29.2108147,-81.0228331
Kansas City;37;Missouri;5.5;467007;39.0997265,-94.5785667
Noblesville;644;Indiana;88.1;56540;40.0455917,-86.0085955
Southaven;724;Mississippi;72.8;50997;34.9889818,-90.0125913
Chino;402;California;15.6;80988;34.0122346,-117.688944
Gaithersburg;526;Maryland;24.2;65690;39.1434406,-77.2013705
Fountain Valley;640;California;3.0;56707;33.7091847,-117.9536697
Frederick;514;Maryland;25.9;66893;39.4142688,-77.4105409
Greenville;347;North Carolina;41.9;89130;35.612661,-77.3663538
DeKalb;840;Illinois;11.8;43849;41.9294736,-88.7503647
West Allis;582;Wisconsin;-0.6000000000000001;60697;43.0166806,-88.0070315
Thornton;205;Colorado;52.9;127359;39.8680412,-104.9719243
West Des Moines;574;Iowa;29.8;61255;41.5772115,-93.711332
Fall River;349;Massachusetts;-3.7;88697;41.7014912,-71.1550451
Tulare;576;California;33.3;61170;36.2077288,-119.3473379
Chula Vista;75;California;46.2;256780;32.6400541,-117.0841955
Coral Springs;208;Florida;5.7;126604;26.271192,-80.2706044
Concord;383;North Carolina;47.4;83506;35.4087517,-80.579511
Smyrna;687;Georgia;20.0;53438;33.8839926,-84.5143761
Apopka;815;Florida;63.9;45587;28.6934076,-81.5322149
Grand Forks;665;North Dakota;11.5;54932;47.9252568,-97.0328547
Lancaster;944;Ohio;10.7;39325;39.7136754,-82.5993294
Naperville;176;Illinois;12.0;144864;41.7508391,-88.1535352
Hollywood;174;Florida;4.8;146526;26.0112014,-80.1494901
Rogers;591;Arkansas;50.6;60112;36.3320196,-94.1185366
New Orleans;51;Louisiana;-21.6;378715;29.9510658,-90.0715323
Lakewood;607;Washington;1.1;59097;47.1717649,-122.518458
Oak Lawn;633;Illinois;3.3;57073;41.719978,-87.7479528
Caldwell;763;Idaho;77.1;48957;43.6629384,-116.6873596
Portland;29;Oregon;15.0;609456;45.5230622,-122.6764816
Concord;211;California;2.9;125880;37.9779776,-122.0310733
Burien;747;Washington;56.7;49858;47.4703767,-122.3467918
St. Charles;507;Missouri;11.3;67569;38.7881062,-90.4974359
Waukesha;475;Wisconsin;8.0;71016;43.0116784,-88.2314813
Flagstaff;495;Arizona;29.3;68667;35.1982836,-111.651302
Puyallup;959;Washington;11.8;38609;47.1853785,-122.2928974
Schenectady;525;New York;6.7;65902;42.8142432,-73.9395687
Denver;22;Colorado;16.7;649495;39.7392358,-104.990251
Springfield;230;Illinois;4.2;117006;39.7817213,-89.6501481
Campbell;908;California;4.2;40584;37.2871651,-121.9499568
Moreno Valley;112;California;40.4;201175;33.9424658,-117.2296717
Kettering;651;Ohio;-3.1;55870;39.6895036,-84.1688274
Lincoln Park;988;Michigan;-6.7;37313;42.2505943,-83.1785361
Lake Havasu City;695;Arizona;24.6;52844;34.483901,-114.3224548
North Little Rock;524;Arkansas;9.0;66075;34.769536,-92.2670941
Reno;90;Nevada;26.8;233294;39.5296329,-119.8138027
Littleton;832;Colorado;9.4;44275;39.613321,-105.0166498
Prescott;907;Arizona;18.1;40590;34.5400242,-112.4685025
Dublin;706;California;70.0;52105;37.7021521,-121.9357918
Texarkana;985;Texas;7.4;37442;33.425125,-94.0476882
Portland;519;Maine;3.2;66318;43.661471,-70.2553259
Brooklyn Park;419;Minnesota;16.0;78373;45.0941315,-93.3563405
West Haven;662;Connecticut;5.1;55046;41.2705484,-72.9469711
El Centro;845;California;13.7;43363;32.792,-115.5630514
The Colony;935;Texas;45.7;39458;33.0806083,-96.8928309
Flint;297;Michigan;-20.0;99763;43.0125274,-83.6874562
Pittsburg;516;California;16.6;66695;38.0279762,-121.8846806
Buckeye;641;Arizona;480.9;56683;33.3703197,-112.5837766
Brea;893;California;15.2;40963;33.9166805,-117.9000604
Indio;382;California;66.0;83539;33.7205771,-116.2155619
Scottsdale;95;Arizona;11.0;226918;33.4941704,-111.9260519
Columbus;15;Ohio;14.8;822553;39.9611755,-82.9987942
Lancaster;605;Pennsylvania;4.5;59325;40.0378755,-76.3055144
Lincoln;72;Nebraska;18.0;268738;40.8257625,-96.6851982
Trenton;374;New Jersey;-1.2;84349;40.2170534,-74.7429384
Boston;24;Massachusetts;9.4;645966;42.3600825,-71.0588801
Glendora;723;California;3.1;51074;34.1361187,-117.865339
Rochester;246;Minnesota;23.9;110742;44.0121221,-92.4801989
Florissant;703;Missouri;-2.8;52363;38.789217,-90.322614
Annapolis;954;Maryland;7.6;38722;38.9784453,-76.4921829
Chapel Hill;598;North Carolina;24.1;59635;35.9131996,-79.0558445
Lawrence;794;Indiana;20.5;47135;39.8386516,-86.0252612
Calexico;940;California;44.0;39389;32.6789476,-115.4988834
Calumet City;989;Illinois;-4.5;37240;41.6155909,-87.5294871
Missoula;491;Montana;19.7;69122;46.8787176,-113.996586
Clovis;296;California;42.6;99769;36.8252277,-119.7029194
Pearland;292;Texas;117.2;100065;29.5635666,-95.2860474
Gilbert;92;Arizona;96.0;229972;33.3528264,-111.789027
Wausau;945;Wisconsin;1.7000000000000002;39309;44.9591352,-89.6301221
Raleigh;43;North Carolina;48.7;431746;35.7795897,-78.6381787
Orange;182;California;7.7;139969;33.7877944,-117.8531119
Walnut Creek;513;California;3.5;66900;37.9100783,-122.0651819
Bremerton;950;Washington;4.9;39056;47.5673202,-122.6329356
Porterville;661;California;20.1;55174;36.06523,-119.0167679
Marana;964;Arizona;166.2;38290;32.436381,-111.2224422
Tallahassee;125;Florida;21.8;186411;30.4382559,-84.2807329
Conroe;555;Texas;61.9;63032;30.3118769,-95.4560512
Blacksburg;841;Virginia;9.4;43609;37.2295733,-80.4139393
San Antonio;7;Texas;21.0;1409019;29.4241219,-98.4936282
Hartford;212;Connecticut;0.6000000000000001;125017;41.7637111,-72.6850932
Waterloo;498;Iowa;-0.5;68366;42.492786,-92.3425775
Binghamton;800;New York;-1.7000000000000002;46444;42.0986867,-75.9179738
Meridian;381;Idaho;127.6;83596;43.6121087,-116.3915131
Fond du Lac;857;Wisconsin;1.7000000000000002;42970;43.7730448,-88.4470508
Baytown;441;Texas;13.1;75418;29.7355047,-94.9774274
Cary;163;North Carolina;55.1;151088;35.79154,-78.7811169
Weymouth Town;657;Massachusetts;;55419;42.2180724,-70.9410356
Tulsa;47;Oklahoma;1.3;398121;36.1539816,-95.992775
Mission;401;Texas;74.5;81050;26.2159066,-98.3252932
Cuyahoga Falls;757;Ohio;-0.2;49267;41.1339449,-81.4845585
Malden;585;Massachusetts;7.4;60509;42.4250964,-71.066163
Allen;328;Texas;104.0;92020;33.1031744,-96.6705503
Tucson;33;Arizona;7.5;526116;32.2217429,-110.926479
Franklin;494;Tennessee;48.5;68886;35.9250637,-86.8688899
Shakopee;948;Minnesota;85.7;39167;44.7973962,-93.5272861
Jacksonville;13;Florida;14.3;842583;30.3321838,-81.655651
Atlantic City;933;New Jersey;-2.2;39551;39.3642834,-74.4229266
Erie;290;Pennsylvania;-2.8;100671;42.1292241,-80.085059
Merced;400;California;25.4;81102;37.3021632,-120.4829677
Abilene;221;Texas;3.6;120099;32.4487364,-99.7331439
Yorba Linda;511;California;13.4;67032;33.8886259,-117.8131125
Greenville;573;South Carolina;8.2;61397;34.8526176,-82.3940104
Huntersville;733;North Carolina;92.9;50458;35.410694,-80.8428504
St. Clair Shores;592;Michigan;-4.6;60070;42.4974085,-82.8963604
Harrisburg;759;Pennsylvania;0.6000000000000001;49188;40.2731911,-76.8867008
San Buenaventura (Ventura);258;California;7.4;108817;34.274646,-119.2290316
Fremont;97;California;10.0;224922;37.5482697,-121.9885719
Pueblo;259;Colorado;5.9;108249;38.2544472,-104.6091409
Chelsea;976;Massachusetts;7.3;37670;42.3917638,-71.0328284
Belleville;861;Illinois;1.2;42895;38.5200504,-89.9839935
Minneapolis;46;Minnesota;4.5;400070;44.977753,-93.2650108
Bartlett;622;Tennessee;31.7;58226;35.2045328,-89.8739753
Wichita Falls;271;Texas;0.7000000000000001;104898;33.9137085,-98.4933873
Missouri City;485;Texas;31.1;70185;29.6185669,-95.5377215
St. Louis;58;Missouri;-8.2;318416;38.6270025,-90.1994042
Pharr;455;Texas;55.7;73790;26.1947962,-98.1836216
Albuquerque;32;New Mexico;23.5;556495;35.0853336,-106.6055534
Athens-Clarke County;222;Georgia;19.0;119980;33.9519347,-83.357567
South Jordan;602;Utah;100.1;59366;40.5621704,-111.929658
North Las Vegas;96;Nevada;92.2;226877;36.1988592,-115.1175013
Pomona;162;California;2.1;151348;34.055103,-117.7499909
Eastvale;660;California;;55191;33.952463,-117.5848025
Grove City;984;Ohio;35.6;37490;39.8814519,-83.0929644
Lawrence;338;Kansas;12.7;90811;38.9716689,-95.2352501
Midland;215;Texas;30.4;123933;31.9973456,-102.0779146
Oklahoma City;27;Oklahoma;20.2;610613;35.4675602,-97.5164276
Oro Valley;883;Arizona;27.0;41627;32.3909071,-110.966488
Mesa;38;Arizona;13.5;457587;33.4151843,-111.8314724
Norwalk;354;Connecticut;5.6;87776;41.117744,-73.4081575
Kentwood;737;Michigan;10.5;50233;42.8694731,-85.6447492
Brookfield;971;Wisconsin;-1.9;37999;43.0605671,-88.1064787
Rockwall;895;Texas;117.2;40922;32.9312336,-96.4597089
Mishawaka;778;Indiana;2.0;47989;41.6619927,-86.1586156
Tustin;420;California;15.6;78327;33.7458511,-117.826166
St. Cloud;520;Minnesota;10.9;66297;45.5579451,-94.1632404
Passaic;478;New Jersey;4.3;70868;40.8567662,-74.1284764
Escondido;166;California;10.7;148738;33.1192068,-117.086421
San Bruno;868;California;5.6;42443;37.6304904,-122.4110835
Berkeley;231;California;13.3;116768;37.8715926,-122.272747
San Clemente;537;California;28.6;65040;33.4269728,-117.6119925
Lawton;304;Oklahoma;4.9;97151;34.6035669,-98.3959291
Eau Claire;508;Wisconsin;8.7;67545;44.811349,-91.4984941
Maricopa;817;Arizona;2503.4;45508;33.0581063,-112.0476423
DeSoto;718;Texas;36.0;51483;32.5896998,-96.8570738
Fort Wayne;76;Indiana;1.0;256496;41.079273,-85.1393513
Shoreline;668;Washington;2.9;54790;47.7556531,-122.3415178
Medford;632;Massachusetts;2.7;57170;42.4184296,-71.1061639
La Habra;569;California;3.6;61653;33.9319578,-117.9461734
Albany;299;New York;4.1;98424;42.6525793,-73.7562317
Daly City;273;California;1.0;104739;37.6879241,-122.4702079
Taylor;566;Michigan;-6.3;61817;42.240872,-83.2696509
Coon Rapids;563;Minnesota;0.6000000000000001;62103;45.1732394,-93.3030063
San Mateo;286;California;9.0;101128;37.5629917,-122.3255254
Orlando;77;Florida;31.2;255483;28.5383355,-81.3792365
Casper;599;Wyoming;19.9;59628;42.866632,-106.313081
Bedford;771;Texas;2.9;48592;32.844017,-97.1430671
Wilmington;240;North Carolina;24.8;112067;34.2257255,-77.9447102
Pinellas Park;744;Florida;5.9;49998;27.8428025,-82.6995443
North Miami Beach;850;Florida;3.6;43250;25.9331488,-80.1625463
Kansas City;168;Kansas;1.1;148483;39.114053,-94.6274636
Fitchburg;913;Massachusetts;3.5;40383;42.5834228,-71.8022955
Wheeling;970;Illinois;4.8;38015;42.1391927,-87.9289591
Newton;351;Massachusetts;4.9;87971;42.3370413,-71.2092214
North Miami;580;Florida;2.0;61007;25.8900949,-80.1867138
Norwich;917;Connecticut;11.6;40347;41.5242649,-72.0759105
Newark;69;New Jersey;2.1;278427;40.735657,-74.1723667
Alexandria;775;Louisiana;4.1;48426;31.3112936,-92.4451371
Blaine;587;Minnesota;32.8;60407;45.1607987,-93.2349489
Harlingen;527;Texas;11.6;65665;26.1906306,-97.6961026
Lompoc;844;California;5.5;43509;34.6391501,-120.4579409
Denton;217;Texas;47.1;123099;33.2148412,-97.1330683
Galveston;765;Texas;-15.2;48733;29.3013479,-94.7976958
Greenwood;684;Indiana;46.0;53665;39.6136578,-86.1066526
Salinas;157;California;8.4;155662;36.6777372,-121.6555013
Miami Gardens;243;Florida;10.5;111378;25.9420377,-80.2456045
Huntington;760;West Virginia;-5.0;49177;38.4192496,-82.445154
Laredo;80;Texas;38.2;248142;27.5305671,-99.4803241
Melbourne;428;Florida;5.9;77508;28.0836269,-80.6081089
Haltom City;843;Texas;11.4;43580;32.7995738,-97.2691817
Palm Bay;270;Florida;31.7;104898;28.0344621,-80.5886646
Wilson;753;North Carolina;10.1;49628;35.7212689,-77.9155395
Bountiful;856;Utah;3.9;43023;40.8893895,-111.880771
Ceres;797;California;34.0;46714;37.5949316,-120.9577098
Parma;406;Ohio;-5.9;80429;41.4047742,-81.7229086
Rapid City;479;South Dakota;17.9;70812;44.0805434,-103.2310149
Bell Gardens;862;California;-2.7;42889;33.9652918,-118.1514588
Commerce City;748;Colorado;135.4;49799;39.8083196,-104.9338675
Springfield;158;Massachusetts;1.1;153703;42.1014831,-72.589811
Fort Collins;160;Colorado;26.6;152061;40.5852602,-105.084423
San Leandro;352;California;10.3;87965;37.7249296,-122.1560768
Vista;306;California;7.7;96929;33.2000368,-117.2425355
Yonkers;115;New York;1.8;199766;40.9312099,-73.8987469
Cincinnati;65;Ohio;-10.1;297517;39.1031182,-84.5120196
Hagerstown;906;Maryland;10.4;40612;39.6417629,-77.7199932
Sanford;650;Florida;42.8;56002;28.8028612,-81.269453
Union City;499;New Jersey;1.7000000000000002;68247;40.6975898,-74.2631635
Toledo;67;Ohio;-10.0;282313;41.6639383,-83.555212
Sierra Vista;823;Arizona;19.3;45129;31.5455001,-110.2772856
Newport News;130;Virginia;0.9;182020;37.0870821,-76.4730122
Hammond;410;Indiana;-4.6;78967;41.5833688,-87.5000412
Buffalo Grove;875;Illinois;-3.4;41778;42.1662831,-87.9631308
Sugar Land;379;Texas;29.1;83860;29.6196787,-95.6349463
Huntsville;126;Alabama;16.3;186254;34.7303688,-86.5861037
Lodi;550;California;10.1;63338;38.1341477,-121.2722194
Edmonds;902;Washington;2.9;40727;47.8106521,-122.3773552
Duncanville;932;Texas;9.7;39605;32.6518004,-96.9083366
Rocky Mount;634;North Carolina;-3.1;56954;35.9382103,-77.7905339
Pontiac;594;Michigan;-11.4;59887;42.6389216,-83.2910468
National City;595;California;10.1;59834;32.6781085,-117.0991967
Hayward;161;California;7.5;151574;37.6688205,-122.0807964
Niagara Falls;754;New York;-10.8;49468;43.0962143,-79.0377388
Sparks;321;Nevada;39.4;93282;39.5349112,-119.7526886
Hanford;670;California;30.3;54686;36.3274502,-119.6456844
Cypress;762;California;5.3;49087;33.8169599,-118.0372852
Decatur;448;Illinois;-8.7;74710;39.8403147,-88.9548001
Woonsocket;890;Rhode Island;-5.2;41026;42.0028761,-71.5147839
Mobile;122;Alabama;-1.9;194899;30.6953657,-88.0398912
Vallejo;223;California;1.2;118837;38.1040864,-122.2566367
Arcadia;626;California;8.3;57639;34.1397292,-118.0353449
Collierville;790;Tennessee;43.4;47333;35.042036,-89.6645266
Jefferson City;847;Missouri;6.7;43330;38.5767017,-92.1735164
Longview;396;Texas;11.6;81443;32.5007037,-94.7404891
Chandler;79;Arizona;38.7;249146;33.3061605,-111.8412502
Arvada;241;Colorado;9.2;111707;39.8027644,-105.0874842
Alhambra;372;California;-0.7000000000000001;84577;34.095287,-118.1270146
Kokomo;635;Indiana;21.3;56895;40.486427,-86.1336033
Oakland Park;849;Florida;2.7;43286;26.1723065,-80.1319893
Indianapolis;12;Indiana;7.8;843393;39.768403,-86.158068
Boynton Beach;474;Florida;17.3;71097;26.5317866,-80.0905465
Apache Junction;994;Arizona;15.7;37130;33.4150485,-111.5495777
Mount Prospect;669;Illinois;-2.5;54771;42.0664167,-87.9372908
Cranston;405;Rhode Island;1.4;80566;41.7798226,-71.4372796
Lafayette;481;Indiana;14.5;70373;40.4167022,-86.8752869
Olathe;193;Kansas;40.4;131885;38.8813958,-94.8191285
Johns Creek;389;Georgia;36.5;82788;34.0289259,-84.198579
Greensboro;68;North Carolina;22.3;279639;36.0726354,-79.7919754
Kalamazoo;440;Michigan;-1.9;75548;42.2917069,-85.5872286
Tigard;734;Oregon;17.8;50444;45.4312294,-122.7714861
Jacksonville;493;North Carolina;5.0;69079;34.7540524,-77.4302414
Citrus Heights;369;California;-0.1;85285;38.7071247,-121.2810611
Tuscaloosa;313;Alabama;21.1;95334;33.2098407,-87.5691735
Ankeny;715;Iowa;86.9;51567;41.7317884,-93.6001278
Hawthorne;364;California;2.3;86199;33.9164032,-118.3525748
Hoover;376;Alabama;32.7;84126;33.4053867,-86.8113781
Youngstown;532;Ohio;-20.2;65184;41.0997803,-80.6495194
Madison;811;Alabama;53.7;45799;34.6992579,-86.7483318
Redlands;486;California;9.4;69999;34.0555693,-117.1825381
Cape Girardeau;953;Missouri;9.4;38816;37.3058839,-89.5181476
Nampa;361;Idaho;57.9;86518;43.5407172,-116.5634624
Washington;23;District of Columbia;13.0;646449;38.9071923,-77.0368707
Wheaton;686;Illinois;-3.4;53648;41.8661403,-88.1070127
Lancaster;968;Texas;46.4;38071;32.5920798,-96.7561082
Rialto;284;California;9.8;101910;34.1064001,-117.3703235
Fargo;237;North Dakota;24.9;113658;46.8771863,-96.7898034
Peoria;232;Illinois;3.0;116513;40.6936488,-89.5889864
Omaha;42;Nebraska;5.9;434353;41.2523634,-95.9979883
Rancho Santa Margarita;758;California;4.6;49228;33.640855,-117.603104
Manhattan;647;Kansas;22.8;56143;39.1836082,-96.5716694
Palm Springs;804;California;7.7;46281;33.8302961,-116.5452921
San Diego;8;California;10.5;1355896;32.715738,-117.1610838
Santa Rosa;140;California;15.2;171990;38.440429,-122.7140548
Lowell;257;Massachusetts;3.4;108861;42.6334247,-71.3161718
Broken Arrow;278;Oklahoma;28.2;103500;36.060949,-95.7974526
Kent;213;Washington;54.3;124435;47.3809335,-122.2348431
Nashville;25;Tennessee;16.2;634464;36.1626638,-86.7816016
Hackensack;834;New Jersey;2.9;44113;40.8859325,-74.0434736
Broomfield;600;Colorado;50.3;59471;39.9205411,-105.0866504
Durham;82;North Carolina;29.9;245475;35.9940329,-78.898619
Wichita;49;Kansas;9.7;386552;37.688889,-97.336111
Cathedral City;693;California;23.2;52977;33.7805388,-116.4668036
Lakeville;616;Minnesota;34.3;58562;44.6496868,-93.24272
Elmhurst;816;Illinois;5.7;45556;41.8994744,-87.9403418
Weslaco;996;Texas;28.8;37093;26.1595194,-97.9908366
Greenfield;993;Wisconsin;4.8;37159;42.9614039,-88.0125865
Sunnyvale;170;California;11.9;147559;37.36883,-122.0363496
Santa Cruz;556;California;12.5;62864;36.9741171,-122.0307963
Kenosha;294;Wisconsin;9.5;99889;42.5847425,-87.8211854
State College;877;Pennsylvania;8.7;41757;40.7933949,-77.8600012
Mansfield;799;Ohio;-10.1;46454;40.75839,-82.5154471
Quincy;899;Illinois;0.5;40915;39.9356016,-91.4098726
Pompano Beach;276;Florida;4.0;104410;26.2378597,-80.1247667
San Angelo;302;Texas;10.2;97492;31.4637723,-100.4370375
Bloomington;412;Illinois;20.1;78902;40.4842027,-88.9936873
Tracy;371;California;45.9;84691;37.7396513,-121.4252227
Spartanburg;978;South Carolina;-6.2;37647;34.9495672,-81.9320482
Nashua;358;New Hampshire;0.4;87137;42.7653662,-71.467566
Macon;343;Georgia;-7.3;89981;32.8406946,-83.6324022
Hempstead;658;New York;4.0;55361;40.7062128,-73.6187397
Camden;430;New Jersey;-3.6;76903;39.9259463,-75.1196199
Palm Desert;732;California;13.2;50508;33.7222445,-116.3744556
Streamwood;916;Illinois;10.1;40351;42.0255827,-88.1784085
Chesapeake;91;Virginia;15.1;230571;36.7682088,-76.2874927
Dublin;842;Ohio;37.6;43607;40.0992294,-83.1140771
Camarillo;523;California;14.9;66086;34.2163937,-119.0376023
Muskegon;990;Michigan;-7.1;37213;43.2341813,-86.2483921
Elizabeth;203;New Jersey;5.5;127558;40.6639916,-74.2107006
Anchorage;63;Alaska;15.4;300950;61.2180556,-149.9002778
Minot;803;North Dakota;26.6;46321;48.2329668,-101.2922906
Davie;307;Florida;17.7;96830;26.0764783,-80.2521157
McAllen;188;Texas;27.6;136639;26.2034071,-98.2300124
McKinney;167;Texas;165.3;148559;33.1972465,-96.6397822
Killeen;185;Texas;52.1;137147;31.1171194,-97.7277959
Findlay;884;Ohio;5.8;41512;41.04422,-83.6499321
Oakland;45;California;1.3;406253;37.8043637,-122.2711137
Mountain View;424;California;10.1;77846;37.3860517,-122.0838511
Lake Elsinore;628;California;96.5;57525;33.6680772,-117.3272615
Amarillo;120;Texas;12.8;196429;35.2219971,-101.8312969
Provo;233;Utah;10.0;116288;40.2338438,-111.6585337
Atlanta;40;Georgia;6.2;447841;33.7489954,-84.3879824
Monterey Park;577;California;1.5;61085;34.0625106,-118.1228476
Strongsville;826;Ohio;1.9;44730;41.3144966,-81.83569
Madera;554;California;44.4;63105;36.9613356,-120.0607176
Rancho Palos Verdes;867;California;2.9;42448;33.7444613,-118.3870173
Burnsville;572;Minnesota;1.9;61434;44.7677424,-93.2777226
Rowlett;623;Texas;28.6;58043;32.9029017,-96.56388
Roswell;769;New Mexico;7.5;48611;33.3942655,-104.5230242
Montgomery;111;Alabama;-0.1;201332;32.3668052,-86.2999689
Logan;764;Utah;14.5;48913;41.7369803,-111.8338359
Woburn;949;Massachusetts;4.4;39083;42.4792618,-71.1522765
Allentown;224;Pennsylvania;11.2;118577;40.6084305,-75.4901833
Mount Pleasant;446;South Carolina;53.2;74885;32.8323225,-79.8284258
Columbus;110;Georgia;8.7;202824;32.4609764,-84.9877094
Buffalo;73;New York;-11.3;258959;42.8864468,-78.8783689
New Berlin;926;Wisconsin;3.6;39834;42.9764027,-88.1084224
North Richland Hills;509;Texas;20.2;67317;32.8342952,-97.2289029
Lima;963;Ohio;-8.1;38355;40.742551,-84.1052256
Sacramento;35;California;17.2;479686;38.5815719,-121.4943996
Fort Smith;355;Arkansas;8.6;87650;35.3859242,-94.3985475
East Providence;793;Rhode Island;-3.3;47149;41.8137116,-71.3700545
Urbandale;876;Iowa;41.5;41776;41.6266555,-93.7121656
Mount Vernon;500;New York;-0.2;68224;40.9125992,-73.8370786
Lakewood;173;Colorado;1.9;147214;39.7047095,-105.0813734
Henderson;71;Nevada;51.0;270811;36.0395247,-114.9817213
Covina;774;California;3.3;48508;34.0900091,-117.8903397
Stamford;209;Connecticut;7.6;126456;41.0534302,-73.5387341
Bloomington;392;Indiana;16.1;82575;39.165325,-86.5263857
Kingsport;694;Tennessee;16.7;52962;36.548434,-82.5618186
Spokane;102;Washington;7.0;210721;47.6587802,-117.4260466
Kennewick;432;Washington;29.1;76762;46.2112458,-119.1372338
Philadelphia;5;Pennsylvania;2.6;1553165;39.9525839,-75.1652215
Bellingham;390;Washington;21.8;82631;48.74908,-122.4781473
Visalia;201;California;33.6;127763;36.3302284,-119.2920585
La Crosse;716;Wisconsin;-0.8;51522;43.8013556,-91.2395807
Council Bluffs;565;Iowa;6.2;61969;41.2619444,-95.8608333
North Lauderdale;864;Florida;10.8;42757;26.217305,-80.2258811
Dallas;9;Texas;5.6;1257676;32.7766642,-96.7969879
Antioch;265;California;16.9;107100;38.0049214,-121.805789
Sterling Heights;194;Michigan;5.2;131224;42.5803122,-83.0302033
Deerfield Beach;422;Florida;4.8;78041;26.3184123,-80.0997657
Fishers;378;Indiana;114.8;83891;39.9567548,-86.01335
Cheyenne;558;Wyoming;16.9;62448;41.1399814,-104.8202462
Murrieta;263;California;107.4;107479;33.5539143,-117.2139232
Lenexa;735;Kansas;24.6;50344;38.9536174,-94.7335709
Newport Beach;356;California;10.4;87273;33.6189101,-117.9289469
Riverton;897;Utah;61.6;40921;40.521893,-111.9391023
Yakima;322;Washington;11.7;93257;46.6020711,-120.5058987
Dayton;179;Ohio;-13.5;143355;39.7589478,-84.1916069
Gulfport;476;Mississippi;-0.6000000000000001;71012;30.3674198,-89.0928155
Long Beach;36;California;1.5;469428;33.7700504,-118.1937395
Chico;350;California;14.2;88077;39.7284944,-121.8374777
Hattiesburg;785;Mississippi;3.1;47556;31.3271189,-89.2903392
Eugene;155;Oregon;14.4;159190;44.0520691,-123.0867536
Colton;690;California;10.8;53243;34.0739016,-117.3136547
Montebello;549;California;2.0;63495;34.0165053,-118.1137535
Pleasanton;450;California;15.2;74110;37.6624312,-121.8746789
Everett;269;Washington;9.4;105370;47.9789848,-122.2020794
Hutchinson;874;Kansas;0.1;41889;38.0608445,-97.9297743
Fairfield;255;California;12.8;109320;38.2493581,-122.0399663
Avondale;413;Arizona;111.5;78822;33.4355977,-112.3496021
Euclid;777;Ohio;-8.4;48139;41.5931049,-81.5267873
Battle Creek;710;Michigan;-2.8;51848;42.3211522,-85.1797142
Bloomington;362;Minnesota;1.3;86319;44.840798,-93.2982799
Rock Island;951;Illinois;-1.9;38877;41.5094771,-90.5787476
Beaverton;319;Oregon;17.0;93542;45.487062,-122.8037102
Kenner;512;Louisiana;-4.8;66975;29.9940924,-90.2417434
Clovis;934;New Mexico;21.3;39508;34.4047987,-103.2052272
Troy;745;New York;1.5;49974;42.7284117,-73.6917851
Milpitas;489;California;11.0;69783;37.4323341,-121.8995741
Des Plaines;611;Illinois;3.2;58918;42.0333623,-87.8833991
Placentia;704;California;11.8;52206;33.8722371,-117.8703363
Taunton;649;Massachusetts;0.0;56069;41.900101,-71.0897674
Montclair;969;California;12.1;38027;34.0775104,-117.6897776
Johnson City;535;Tennessee;16.2;65123;36.3134397,-82.3534727
Savannah;180;Georgia;7.5;142772;32.0835407,-81.0998342
Warren;901;Ohio;-15.2;40768;41.2375569,-80.8184166
Vancouver;145;Washington;14.2;167405;45.6387281,-122.6614861
Sunrise;342;Florida;4.6;90116;26.1669711,-80.256595
Muncie;483;Indiana;-0.7000000000000001;70316;40.1933767,-85.3863599
Lehi;673;Utah;176.3;54382;40.3916172,-111.8507662
San Francisco;14;California;7.7;837442;37.7749295,-122.4194155
Fontana;109;California;38.3;203003;34.0922335,-117.435048
Frisco;186;Texas;287.7;136791;33.1506744,-96.8236116
Chino Hills;434;California;13.6;76572;33.9898188,-117.7325848
Poway;755;California;2.4;49417;32.9628232,-117.0358646
Huber Heights;967;Ohio;-0.2;38142;39.843947,-84.1246608
New Brunswick;652;New Jersey;15.5;55831;40.4862157,-74.4518188
Norfolk;81;Virginia;5.0;246139;36.8507689,-76.2858726
Hillsboro;303;Oregon;36.4;97368;45.5228939,-122.989827
San Jacinto;810;California;91.8;45851;33.7839084,-116.958635
Pensacola;696;Florida;-6.0;52703;30.421309,-87.2169149
Hamilton;561;Ohio;2.7;62258;39.3995008,-84.5613355
Florence;973;South Carolina;19.8;37792;34.1954331,-79.7625625
San Bernardino;100;California;13.0;213708;34.1083449,-117.2897652
Peachtree Corners;923;Georgia;;40059;33.9698929,-84.2214551
Victorville;218;California;87.6;121096;34.5362184,-117.2927641
Gary;417;Indiana;-23.4;78450;41.5933696,-87.3464271
Casa Grande;743;Arizona;86.0;50111;32.8795022,-111.7573521
Morgan Hill;900;California;19.5;40836;37.1305012,-121.6543901
Dubuque;621;Iowa;0.9;58253;42.5005583,-90.6645718
Syracuse;177;New York;-0.9;144669;43.0481221,-76.1474244
Clarksville;181;Tennessee;36.9;142357;36.5297706,-87.3594528
Lakeland;289;Florida;18.3;100710;28.0394654,-81.9498042
Valley Stream;977;New York;3.6;37659;40.6642699,-73.7084645
Dover;987;Delaware;16.0;37366;39.158168,-75.5243682
Moorhead;939;Minnesota;21.3;39398;46.8737648,-96.7678039
Culver City;936;California;1.3;39428;34.0211224,-118.3964665
Palatine;490;Illinois;4.5;69350;42.1103041,-88.03424
Seattle;21;Washington;15.6;652405;47.6062095,-122.3320708
Covington;894;Kentucky;-4.7;40956;39.0836712,-84.5085536
Elk Grove;151;California;97.1;161007;38.4087993,-121.3716178
Shreveport;113;Louisiana;-0.1;200327;32.5251516,-93.7501789
Ogden;375;Utah;8.6;84249;41.223,-111.9738304
Harrisonburg;719;Virginia;27.1;51395;38.4495688,-78.8689155
Inglewood;242;California;-1.0;111542;33.9616801,-118.3531311
Pasadena;183;California;3.8;139731;34.1477849,-118.1445155
Lawrence;426;Massachusetts;7.5;77657;42.7070354,-71.1631137
Lake Oswego;979;Oregon;5.3;37610;45.4206749,-122.6706498
Petaluma;601;California;8.4;59440;38.232417,-122.6366524
Springfield;603;Ohio;-9.8;59357;39.9242266,-83.8088171
Folsom;458;California;38.6;73098;38.6779591,-121.1760583
Prescott Valley;929;Arizona;62.9;39791;34.6100243,-112.315721
Las Cruces;285;New Mexico;37.6;101324;32.3199396,-106.7636538
Bozeman;925;Montana;41.9;39860;45.6769979,-111.0429339
Schaumburg;445;Illinois;-0.5;74907;42.0333607,-88.0834059
Warren;189;Michigan;-2.3;134873;42.5144566,-83.0146526
St. Peters;667;Missouri;6.5;54842;38.7874699,-90.6298922
Ames;568;Iowa;21.3;61792;42.034722,-93.62
Surprise;216;Arizona;281.9;123546;33.6292337,-112.3679279
Richardson;275;Texas;13.2;104475;32.9483335,-96.7298519
Midland;872;Michigan;0.9;42181;43.6155825,-84.2472116
San Marcos;679;Texas;48.5;54076;29.8832749,-97.9413941
Wilkes-Barre;889;Pennsylvania;-4.3;41108;41.2459149,-75.8813075
Appleton;456;Wisconsin;4.5;73596;44.2619309,-88.4153847
Shawnee;541;Kansas;32.2;64323;39.0228485,-94.7151865
Mentor;796;Ohio;-6.6;46979;41.6661573,-81.339552
Livermore;370;California;15.1;85156;37.6818745,-121.7680088
Charlotte;16;North Carolina;39.1;792862;35.2270869,-80.8431267
Owensboro;617;Kentucky;7.7;58416;37.7719074,-87.1111676
Jupiter;619;Florida;46.2;58298;26.9342246,-80.0942087
Rohnert Park;885;California;0.0;41398;38.3396367,-122.7010984
Chicago;3;Illinois;-6.1;2718782;41.8781136,-87.6297982
Billings;256;Montana;18.6;109059;45.7832856,-108.5006904
Wauwatosa;795;Wisconsin;0.0;47134;43.0494572,-88.0075875
Lombard;838;Illinois;2.9;43907;41.8800296,-88.0078435
New Haven;195;Connecticut;5.5;130660;41.308274,-72.9278835
York;837;Pennsylvania;6.4;43935;39.9625984,-76.727745
Knoxville;128;Tennessee;3.9;183270;35.9606384,-83.9207392
Elyria;681;Ohio;-3.7;53956;41.3683798,-82.1076486
Barnstable Town;827;Massachusetts;-7.1;44641;41.7003208,-70.3002024
Murray;768;Utah;6.6;48612;40.6668916,-111.8879909
Alameda;435;California;5.4;76419;37.7652065,-122.2416355
Manteca;467;California;42.7;71948;37.7974273,-121.2160526
Maplewood;930;Minnesota;12.3;39765;44.9530215,-92.9952153
Medford;425;Oregon;17.1;77677;42.3265152,-122.8755949
Murfreesboro;228;Tennessee;65.1;117044;35.8456213,-86.39027
Yuba City;530;California;27.9;65416;39.1404477,-121.6169108
Shelton;892;Connecticut;7.3;40999;41.3164856,-73.0931641
Cedar Falls;909;Iowa;12.0;40566;42.5348993,-92.4453161
Germantown;942;Tennessee;4.1;39375;35.0867577,-89.8100858
Scranton;438;Pennsylvania;0.0;75806;41.408969,-75.6624122
Auburn;615;Alabama;26.4;58582;32.6098566,-85.4807825
Manassas;880;Virginia;19.5;41705;38.7509488,-77.4752667
Vacaville;316;California;5.4;94275;38.3565773,-121.9877444
Santa Monica;326;California;9.6;92472;34.0194543,-118.4911912
Suffolk;367;Virginia;33.5;85728;36.7282054,-76.5835621
Rochester Hills;460;Michigan;5.7;72952;42.6583661,-83.1499322
La Quinta;943;California;59.9;39331;33.6633573,-116.3100095
Charleston;725;West Virginia;-4.7;50821;38.3498195,-81.6326234
Delano;701;California;31.8;52403;35.7688425,-119.2470536
St. Cloud;898;Florida;86.2;40918;28.2489016,-81.2811801
Charleston;200;South Carolina;29.2;127999;32.7764749,-79.9310512
Kannapolis;830;North Carolina;18.6;44359;35.4873613,-80.6217341
Corona;154;California;23.6;159503;33.8752935,-117.5664384
Rocklin;597;California;60.3;59738;38.7907339,-121.2357828
Lee's Summit;323;Missouri;31.2;93184;38.9108408,-94.3821724
Palm Coast;415;Florida;137.2;78740;29.5844524,-81.2078699
Sandy;341;Utah;1.3;90231;40.5649781,-111.8389726
Bentonville;921;Arkansas;97.7;40167;36.3728538,-94.2088172
Santa Clarita;133;California;15.3;179590;34.3916641,-118.542586
Altamonte Springs;873;Florida;2.0;42150;28.6611089,-81.3656242
New Braunfels;551;Texas;64.0;63279;29.7030024,-98.1244531
Memphis;20;Tennessee;-5.3;653450;35.1495343,-90.0489801
Irving;94;Texas;19.1;228653;32.8140177,-96.9488945
Alexandria;165;Virginia;15.0;148892;38.8048355,-77.0469214
Hesperia;327;California;46.1;92147;34.4263886,-117.3008784
Holyoke;920;Massachusetts;0.9;40249;42.2042586,-72.6162009
Dunwoody;784;Georgia;;47591;33.9462125,-84.3346473
Skokie;533;Illinois;2.8;65176;42.0324025,-87.7416246
Kearny;882;New Jersey;2.8;41664;40.7684342,-74.1454214
Bethlehem;444;Pennsylvania;5.2;75018;40.6259316,-75.3704579
Napa;409;California;8.4;79068;38.2975381,-122.286865
Aurora;55;Colorado;24.4;345803;39.7294319,-104.8319195
Duluth;365;Minnesota;-0.1;86128;46.7866719,-92.1004852
Roanoke;298;Virginia;3.8;98465;37.2709704,-79.9414266
Bend;398;Oregon;54.3;81236;44.0581728,-121.3153096
Apple Valley;477;California;29.9;70924;34.5008311,-117.1858759
Waltham;562;Massachusetts;5.0;62227;42.3764852,-71.2356113
Fort Myers;501;Florida;31.2;68190;26.640628,-81.8723084
Tampa;53;Florida;16.0;352957;27.950575,-82.4571776
Upland;442;California;9.5;75413;34.09751,-117.6483876
Danville;859;Virginia;-11.0;42907;36.5859718,-79.3950228
Beloit;999;Wisconsin;2.9;36888;42.5083482,-89.0317765
Plantation;340;Florida;8.6;90268;26.1275862,-80.2331036
Colorado Springs;41;Colorado;21.4;439886;38.8338816,-104.8213634
Modesto;105;California;7.7;204933;37.6390972,-120.9968782
Grand Rapids;123;Michigan;-2.8;192294;42.9633599,-85.6680863
Oak Park;707;Illinois;-0.8;52066;41.8850317,-87.7845025
Sarasota;688;Florida;1.4;53326;27.3364347,-82.5306527
Jurupa Valley;300;California;;98030;33.9971974,-117.4854802
Bellflower;427;California;6.3;77593;33.8816818,-118.1170117
Boulder;279;Colorado;9.0;103166;40.0149856,-105.2705456
Santa Fe;487;New Mexico;10.5;69976;35.6869752,-105.937799
Coachella;853;California;88.4;43092;33.6803003,-116.173894
Marlborough;937;Massachusetts;7.6;39414;42.3459271,-71.5522874
Riverside;59;California;22.5;316619;33.9533487,-117.3961564
Palmdale;156;California;33.7;157161;34.5794343,-118.1164613
Novato;676;California;13.3;54194;38.1074198,-122.5697032
Layton;480;Utah;20.2;70790;41.0602216,-111.9710529
Bolingbrook;454;Illinois;29.7;73936;41.6986416,-88.0683955
Mission Viejo;309;California;2.9;96346;33.6000232,-117.6719953
Glenview;819;Illinois;5.2;45417;42.0697509,-87.7878408
Lincoln;822;California;285.2;45237;38.891565,-121.2930079
Goose Creek;927;South Carolina;26.1;39823;32.9810059,-80.0325867
Little Rock;118;Arkansas;7.6;197357;34.7464809,-92.2895948
Santa Ana;57;California;-1.2;334227;33.7455731,-117.8678338
White Plains;625;New York;8.5;57866;41.0339862,-73.7629097
Idaho Falls;620;Idaho;14.0;58292;43.4916514,-112.0339645
Bellevue;190;Washington;19.1;133992;47.610377,-122.2006786
Roseville;206;California;56.2;127035;38.7521235,-121.2880059
Perth Amboy;709;New Jersey;9.7;51982;40.5067723,-74.2654234
Peabody;708;Massachusetts;7.5;52044;42.5278731,-70.9286609
Grand Island;731;Nebraska;16.0;50550;40.9263957,-98.3420118
Columbia;235;Missouri;34.0;115276;38.9517053,-92.3340724
Racine;421;Wisconsin;-4.4;78199;42.7261309,-87.7828523
Carmel;366;Indiana;60.4;85927;39.978371,-86.1180435
Portage;788;Michigan;5.7;47523;42.2011538,-85.5800022
Middletown;767;Ohio;-5.7;48630;39.5150576,-84.3982763
Woodland;643;California;13.8;56590;38.6785157,-121.7732971
Revere;682;Massachusetts;13.4;53756;42.4084302,-71.0119948
Euless;691;Texas;15.1;53224;32.8370727,-97.0819541
Arlington Heights;437;Illinois;-0.6000000000000001;75994;42.0883603,-87.9806265
Hemet;395;California;37.6;81750;33.7475203,-116.9719684
High Point;260;North Carolina;24.3;107741;35.9556923,-80.0053176
Newark;781;Ohio;3.1;47777;40.0581205,-82.4012642
Midwest City;639;Oklahoma;4.5;56756;35.4495065,-97.3967019
San Marcos;346;California;60.0;89387;33.1433723,-117.1661449
Port Orange;631;Florida;22.8;57203;29.1383165,-80.9956105
Lakewood;399;California;2.1;81121;33.8536269,-118.1339563
Westerville;981;Ohio;5.7;37530;40.1261743,-82.9290696
Rockford;164;Illinois;-1.0;150251;42.2711311,-89.0939952
El Cajon;282;California;7.4;102211;32.7947731,-116.9625269
St. Petersburg;78;Florida;0.30000000000000004;249688;27.773056,-82.64
Downers Grove;751;Illinois;0.0;49670;41.8089191,-88.0111746
Milford;713;Connecticut;1.8;51644;41.2306979,-73.064036
Albany;714;Oregon;25.5;51583;44.6365107,-123.1059282
Las Vegas;30;Nevada;24.5;603488;36.1699412,-115.1398296
Pasadena;159;Texas;7.5;152735;29.6910625,-95.2091006
Port St. Lucie;142;Florida;91.7;171016;27.2730492,-80.3582261
Cedar Rapids;199;Iowa;5.4;128429;41.9778795,-91.6656232
Ormond Beach;956;Florida;5.8;38661;29.2858129,-81.0558894
Quincy;320;Massachusetts;5.8;93494;42.2528772,-71.0022705
Miramar;196;Florida;74.7;130288;25.9860762,-80.3035602
El Paso;19;Texas;19.4;674433;31.7775757,-106.4424559
Topeka;202;Kansas;3.4;127679;39.0558235,-95.6890185
Rosemead;672;California;1.7000000000000002;54561;34.0805651,-118.072846
Keizer;997;Oregon;14.4;37064;44.9901194,-123.0262077
Minnetonka;720;Minnesota;0.4;51368;44.9211836,-93.4687489
Akron;116;Ohio;-8.6;198100;41.0814447,-81.5190053
Edinburg;404;Texas;65.1;80836;26.3017374,-98.1633432
Rancho Cucamonga;141;California;32.7;171386;34.1063989,-117.5931084
North Charleston;277;South Carolina;27.4;104054;32.8546197,-79.9748103
Louisville;28;Kentucky;10.0;609893;38.2526647,-85.7584557
Watsonville;699;California;12.7;52477;36.910231,-121.7568946
Coconut Creek;636;Florida;28.4;56792;26.2517482,-80.1789351
Bradenton;711;Florida;3.4;51763;27.4989278,-82.5748194
Carlsbad;244;California;39.7;110972;33.1580933,-117.3505939
Texas City;806;Texas;10.3;46081;29.383845,-94.9027002
Redding;334;California;11.9;91119;40.5865396,-122.3916754
Wyoming;451;Michigan;6.5;74100;42.9133602,-85.7053085
Lorain;548;Ohio;-7.2;63710;41.452819,-82.1823746
Roy;974;Utah;13.3;37733;41.1616108,-112.0263313
Fort Lauderdale;139;Florida;0.7000000000000001;172389;26.1224386,-80.1373174
Warner Robins;464;Georgia;45.7;72531;32.6130007,-83.624201
Clearwater;252;Florida;0.1;109703;27.9658533,-82.8001026
Cutler Bay;848;Florida;42.9;43328;25.5808323,-80.3468593
Florence;922;Alabama;10.2;40059;34.79981,-87.677251
Terre Haute;579;Indiana;2.5;61025;39.4667034,-87.4139092
Temple;484;Texas;27.1;70190;31.0982344,-97.342782
Beavercreek;814;Ohio;19.0;45712;39.7092262,-84.0632685
Sioux Falls;147;South Dakota;31.1;164676;43.5445959,-96.7311034
Columbus;813;Indiana;16.4;45775;39.2014404,-85.9213796
Margate;656;Florida;2.7;55456;26.2445263,-80.206436
Leominster;891;Massachusetts;-1.1;41002;42.5250906,-71.759794
Warwick;394;Rhode Island;-4.6;81971;41.7001009,-71.4161671
Bakersfield;52;California;48.4;363630;35.3732921,-119.0187125
Miami;44;Florida;14.9;417650;25.7616798,-80.1917902
Lake Charles;452;Louisiana;3.0;74024;30.2265949,-93.2173758
Richland;700;Washington;34.6;52413;46.2856907,-119.2844621
Hickory;915;North Carolina;7.0;40361;35.7344538,-81.3444573
Delray Beach;543;Florida;6.1;64072;26.4614625,-80.0728201
Wellington;588;Florida;55.0;60202;26.6617635,-80.2683571
Bullhead City;941;Arizona;15.9;39383;35.1359386,-114.5285981
Weston;497;Florida;34.5;68388;26.1003654,-80.3997748
Troy;387;Michigan;2.2;82821;42.6064095,-83.1497751
New Rochelle;407;New York;9.9;79446;40.9114882,-73.7823549
Stockton;64;California;21.8;298118;37.9577016,-121.2907796
Royal Oak;610;Michigan;-1.7000000000000002;58946;42.4894801,-83.1446485
Titusville;833;Florida;7.8;44206;28.6122187,-80.8075537
Laguna Niguel;539;California;2.8;64652;33.5225261,-117.7075526
Spokane Valley;335;Washington;12.6;91113;47.6732281,-117.2393748
Costa Mesa;239;California;2.4;112174;33.6411316,-117.9186689
Grand Prairie;127;Texas;43.1;183372;32.7459645,-96.9977846
Portsmouth;310;Virginia;-4.2;96205;36.8354258,-76.2982742
Lacey;824;Washington;41.7;44919;47.0342629,-122.8231915
Apex;871;North Carolina;98.8;42214;35.732652,-78.8502856
Sioux City;393;Iowa;-2.9;82459;42.4999942,-96.4003069
Encinitas;570;California;5.8;61588;33.0369867,-117.2919818
Spanish Fork;998;Utah;78.1;36956;40.114955,-111.654923
Huntington Park;612;California;-4.1;58879;33.9816812,-118.2250725
Eden Prairie;557;Minnesota;13.3;62603;44.8546856,-93.470786
Peoria;149;Arizona;46.5;162592;33.5805955,-112.2373779
Tempe;143;Arizona;5.8;168228;33.4255104,-111.9400054
Wilmington;470;Delaware;-1.6;71525;39.7390721,-75.5397878
Taylorsville;584;Utah;2.9;60519;40.6677248,-111.9388258
Westland;391;Michigan;-4.7;82578;42.324204,-83.400211
Mesquite;178;Texas;14.7;143484;32.7667955,-96.5991593
Burlington;717;North Carolina;12.1;51510;36.0956918,-79.4377991
Garland;88;Texas;8.5;234566;32.912624,-96.6388833
Richmond;262;California;7.9;107571;37.9357576,-122.3477486
Bismarck;510;North Dakota;20.1;67034;46.8083268,-100.7837392
Carson City;678;Nevada;2.9;54080;39.1637984,-119.7674034
Muskogee;952;Oklahoma;-0.7000000000000001;38863;35.7478769,-95.3696909
Augusta-Richmond County;119;Georgia;1.1;197350;33.4734978,-82.0105148
Fayetteville;106;North Carolina;2.4;204408;35.0526641,-78.8783585
Albany;436;Georgia;-0.6000000000000001;76185;31.5785074,-84.155741
Sayreville;829;New Jersey;9.6;44412;40.4594021,-74.360846
Newark;835;California;3.3;44096;37.5296593,-122.0402399
Diamond Bar;646;California;0.1;56449;34.0286226,-117.8103367
Decatur;653;Alabama;3.1;55816;34.6059253,-86.9833417
Chattanooga;136;Tennessee;10.5;173366;35.0456297,-85.3096801
Jeffersonville;809;Indiana;53.3;45929;38.2775702,-85.7371847
Bartlett;881;Illinois;13.1;41679;41.9950276,-88.1856301
Baldwin Park;433;California;0.8;76635;34.0852868,-117.9608978
Miami Beach;336;Florida;3.3;91026;25.790654,-80.1300455
Jackson;505;Tennessee;12.9;67685;35.6145169,-88.8139469
Port Arthur;677;Texas;-6.0;54135;29.8849504,-93.939947
San Luis Obispo;802;California;4.4;46377;35.2827524,-120.6596156
Burleson;903;Texas;85.3;40714;32.5420821,-97.3208492
St. Joseph;429;Missouri;4.1;77147;39.7674578,-94.846681
Redondo Beach;504;California;6.7;67815;33.8491816,-118.3884078
Houston;4;Texas;11.0;2195914;29.7604267,-95.3698028
Temecula;266;California;55.4;106780;33.4936391,-117.1483648
Ann Arbor;229;Michigan;2.0;117025;42.2808256,-83.7430378
Beaumont;226;Texas;3.7;117796;30.080174,-94.1265562
East Lansing;772;Michigan;4.2;48554;42.7369792,-84.4838654
Santee;648;California;5.7;56105;32.8383828,-116.9739167
Tamarac;553;Florida;12.9;63155;26.2128609,-80.2497707
Bellevue;685;Nebraska;20.5;53663;41.1543623,-95.9145568
Pembroke Pines;150;Florida;17.4;162329;26.007765,-80.2962555
Springdale;443;Arkansas;57.1;75229;36.1867442,-94.1288141
Oxnard;108;California;18.2;203007;34.1975048,-119.1770516
Odessa;247;Texas;22.3;110720;31.8456816,-102.3676431
Stillwater;792;Oklahoma;20.1;47186;36.1156071,-97.0583681
Brockton;317;Massachusetts;-0.30000000000000004;94089;42.0834335,-71.0183787
Bayonne;538;New Jersey;5.1;65028;40.6687141,-74.1143091
Paramount;664;California;-0.7000000000000001;54980;33.8894598,-118.1597911
Moline;852;Illinois;-1.9;43116;41.5067003,-90.5151342
Meridian;896;Mississippi;-0.9;40921;32.3643098,-88.703656
Cleveland;863;Tennessee;14.1;42774;35.1595182,-84.8766115
Jersey City;74;New Jersey;7.2;257342;40.7281575,-74.0776417
St. Paul;66;Minnesota;2.8;294873;44.9537029,-93.0899578
Deltona;363;Florida;23.1;86290;28.9005446,-81.2636738
Freeport;851;New York;-1.4;43167;40.6576022,-73.5831835
Iowa City;468;Iowa;13.8;71591;41.6611277,-91.5301683
Anaheim;56;California;4.7;345012;33.8352932,-117.9145036
Apple Valley;739;Minnesota;9.2;50201;44.7319094,-93.21772
Great Falls;604;Montana;3.9;59351;47.4941836,-111.2833449
West Valley City;191;Utah;22.2;133579;40.6916132,-112.0010501
Hampton;187;Virginia;-6.6;136699;37.0298687,-76.3452218
Georgetown;666;Texas;91.9;54898;30.6332618,-97.6779842
Orem;332;Utah;8.5;91648;40.2968979,-111.6946475
Monrovia;995;California;0.2;37101;34.1442616,-118.0019482
Keller;860;Texas;53.3;42907;32.9341893,-97.229298
South San Francisco;522;California;9.1;66174;37.654656,-122.4077498
Plymouth;453;Minnesota;12.0;73987;45.0105194,-93.4555093
South Bend;288;Indiana;-6.8;100886;41.6763545,-86.2519898
Edmond;359;Oklahoma;26.9;87004;35.6528323,-97.4780954
Des Moines;104;Iowa;3.9;207510;41.6005448,-93.6091064
Bonita Springs;787;Florida;43.8;47547;26.339806,-81.7786972
Draper;821;Utah;77.4;45285;40.5246711,-111.8638226
Whittier;360;California;3.3;86635;33.9791793,-118.032844
Livonia;314;Michigan;-5.4;95208;42.36837,-83.3527097
Milwaukee;31;Wisconsin;0.30000000000000004;599164;43.0389025,-87.9064736
Auburn;447;Washington;34.9;74860;47.3073228,-122.2284532
Sumter;888;South Carolina;1.3;41190;33.9204354,-80.3414693
Beverly;904;Massachusetts;2.0;40664;42.5584283,-70.880049
Renton;305;Washington;88.4;97003;47.4828776,-122.2170661
Centennial;268;Colorado;3.5;106114;39.5807452,-104.8771726
Richmond;99;Virginia;8.2;214114;37.5407246,-77.4360481
Anderson;655;Indiana;-6.6;55670;40.1053196,-85.6802541
Beaumont;910;California;254.5;40481;33.9294606,-116.977248
Pflugerville;683;Texas;123.4;53752;30.4393696,-97.6200043
Hoboken;697;New Jersey;35.8;52575;40.7439905,-74.0323626
Lexington-Fayette;61;Kentucky;18.0;308428;38.0405837,-84.5037164
Norwalk;267;California;1.9;106589;33.9022367,-118.081733
Yuma;330;Arizona;16.2;91923;32.6926512,-114.6276916
Highland;675;California;21.0;54291;34.1283442,-117.2086513
Carol Stream;914;Illinois;-0.2;40379;41.9125286,-88.1347927
Joliet;169;Illinois;36.5;147806;41.525031,-88.0817251
Rock Hill;492;South Carolina;36.0;69103;34.9248667,-81.0250784
Rancho Cordova;503;California;26.4;67911;38.5890723,-121.302728
Dearborn Heights;642;Michigan;-3.0;56620;42.3369816,-83.2732627
Honolulu;54;Hawaii;-6.2;347884;21.3069444,-157.8583333
Victoria;536;Texas;7.5;65098;28.8052674,-97.0035982
Attleboro;839;Massachusetts;4.6;43886;41.9445441,-71.2856082
Wylie;828;Texas;185.2;44575;33.0151201,-96.5388789
Carrollton;207;Texas;14.9;126700;32.9756415,-96.8899636
Plainfield;879;Illinois;203.6;41734;41.632223,-88.2120315
Hoffman Estates;702;Illinois;5.4;52398;42.0629915,-88.1227199
Methuen;773;Massachusetts;10.3;48514;42.7262016,-71.1908924
North Port;606;Florida;154.6;59212;27.044224,-82.2359254
Rockville;544;Maryland;34.0;64072;39.0839973,-77.1527578
Burbank;274;California;4.2;104709;34.1808392,-118.3089661
Fullerton;184;California;9.8;138981;33.8703596,-117.9242966
Oshkosh;515;Wisconsin;5.3;66778;44.0247062,-88.5426136
Huntsville;928;Texas;13.2;39795;30.7235263,-95.5507771
Farmington Hills;397;Michigan;-0.9;81295;42.4989936,-83.3677168
Pico Rivera;547;California;0.4;63771;33.9830688,-118.096735
Cerritos;750;California;-3.6;49707;33.8583483,-118.0647871
La Puente;911;California;-1.6;40435;34.0200114,-117.9495083
Grand Junction;596;Colorado;30.9;59778;39.0638705,-108.5506486
Enid;727;Oklahoma;8.1;50725;36.3955891,-97.8783911
San Jose;10;California;10.5;998537;37.3382082,-121.8863286
Round Rock;251;Texas;81.0;109821;30.5082551,-97.678896
Maple Grove;531;Minnesota;27.3;65415;45.0724642,-93.4557877
Norman;225;Oklahoma;22.0;118197;35.2225668,-97.4394777
Homestead;542;Florida;100.7;64079;25.4687224,-80.4775569
Friendswood;980;Texas;28.6;37587;29.5293998,-95.2010447
Irvine;85;California;61.3;236716;33.6839473,-117.7946942
Pocatello;674;Idaho;5.4;54350;42.8713032,-112.4455344
Pacifica;960;California;0.5;38606;37.6138253,-122.4869194
Sheboygan;766;Wisconsin;-3.9;48725;43.7508284,-87.71453
Bossier City;518;Louisiana;17.4;66333;32.5159852,-93.7321228
Cedar Park;575;Texas;134.3;61238;30.505198,-97.8202888
Sandy Springs;295;Georgia;17.4;99770;33.9304352,-84.3733147
Champaign;385;Illinois;18.3;83424;40.1164204,-88.2433829
Clifton;368;New Jersey;7.9;85390;40.8584328,-74.1637553
Moore;618;Oklahoma;41.5;58414;35.3395079,-97.4867028
Blue Springs;689;Missouri;9.9;53294;39.0169509,-94.2816148
Lancaster;153;California;33.8;159523;34.6867846,-118.1541632
Bryan;416;Texas;19.3;78709;30.6743643,-96.3699632
Hurst;962;Texas;5.8;38448;32.8234621,-97.1705678
Cape Coral;146;Florida;60.4;165831;26.5628537,-81.9495331
Cupertino;589;California;14.3;60189;37.3229978,-122.0321823
Pittsfield;836;Massachusetts;-3.6;44057;42.4500845,-73.2453824
Gilroy;712;California;23.9;51701;37.0057816,-121.5682751
Manchester;248;New Hampshire;2.9;110378;42.9956397,-71.4547891
Virginia Beach;39;Virginia;5.1;448479;36.8529263,-75.977985
Salina;779;Kansas;4.5;47846;38.8402805,-97.6114237
Somerville;414;Massachusetts;1.6;78804;42.3875968,-71.0994968
Largo;418;Florida;5.1;78409;27.9094665,-82.7873244
Fresno;34;California;18.3;509924;36.7468422,-119.7725868
Phenix City;983;Alabama;31.9;37498;32.4709761,-85.0007653
Berwyn;638;Illinois;5.1;56758;41.8505874,-87.7936685
Palm Beach Gardens;728;Florida;39.6;50699;26.8233946,-80.1386547
Pawtucket;473;Rhode Island;-2.5;71172;41.878711,-71.3825558
San Gabriel;919;California;0.9;40275;34.0961111,-118.1058333
Winston-Salem;86;North Carolina;16.9;236441;36.0998596,-80.244216
Alpharetta;560;Georgia;33.6;62298;34.0753762,-84.2940899
O'Fallon;388;Missouri;62.6;82809;38.8106075,-90.6998477
Redwood City;403;California;7.1;80872;37.4852152,-122.2363548
Union City;465;California;7.4;72528;37.5933918,-122.0438298
Hallandale Beach;957;Florida;12.4;38632;25.9812024,-80.148379
Mankato;905;Minnesota;24.7;40641;44.1635775,-93.9993996
New York;1;New York;4.8;8405837;40.7127837,-74.0059413
Simi Valley;210;California;12.6;126181;34.2694474,-118.781482
West Covina;261;California;2.3;107740;34.0686208,-117.9389526
Castle Rock;692;Colorado;153.5;53063;39.3722121,-104.8560902
Valdosta;645;Georgia;22.3;56481;30.8327022,-83.2784851
Fort Worth;17;Texas;45.1;792727;32.7554883,-97.3307658
Carson;325;California;2.9;92599;33.8316745,-118.281693
Evansville;219;Indiana;-0.8;120310;37.9715592,-87.5710898
Santa Maria;281;California;30.9;102216;34.9530337,-120.4357191
Brentwood;924;Tennessee;51.9;40021;36.0331164,-86.7827772
La Mesa;613;California;6.9;58642;32.7678287,-117.0230839
Westminster;245;Colorado;9.4;110945;39.8366528,-105.0372046
Reading;353;Pennsylvania;8.0;87893;40.3356483,-75.9268747
Turlock;482;California;23.5;70365;37.4946568,-120.8465941
Greeley;308;Colorado;23.1;96539;40.4233142,-104.7091322
Tyler;291;Texas;18.6;100223;32.3512601,-95.3010624
Winter Garden;975;Florida;142.5;37711;28.5652787,-81.5861847
Waco;197;Texas;12.5;129030;31.549333,-97.1466695
Martinez;992;California;3.4;37165;38.0193657,-122.1341321
Thousand Oaks;198;California;9.5;128731;34.1705609,-118.8375937
Azusa;780;California;6.7;47842;34.1336186,-117.9075627
Bridgeport;172;Connecticut;5.4;147216;41.1865478,-73.1951767
St. Louis Park;789;Minnesota;7.3;47411;44.9597376,-93.3702186
Chesterfield;782;Missouri;1.9;47749;38.6631083,-90.5770675
Greenacres;955;Florida;35.5;38696;26.6276276,-80.1353896
Pasco;506;Washington;98.5;67599;46.2395793,-119.1005657
Torrance;171;California;6.6;147478;33.8358492,-118.3406288
Madison;83;Wisconsin;15.8;243344;43.0730517,-89.4012302
Janesville;545;Wisconsin;5.6;63820;42.6827885,-89.0187222
Waukegan;348;Illinois;0.5;88826;42.3636331,-87.8447938
Bowling Green;571;Kentucky;24.1;61488;36.9685219,-86.4808043
Arlington;50;Texas;13.3;379577;32.735687,-97.1080656
Lewisville;287;Texas;28.9;101074;33.046233,-96.994174
Farmington;818;New Mexico;18.1;45426;36.7280583,-108.2186856
Oakley;966;California;47.7;38194;37.9974219,-121.7124536
Palo Alto;517;California;13.7;66642;37.4418834,-122.1430195
Springfield;590;Oregon;12.4;60177;44.0462362,-123.0220289
New Bedford;315;Massachusetts;1.2;95078;41.6362152,-70.934205
Redmond;627;Washington;26.0;57530;47.6739881,-122.121512
Brentwood;663;California;122.3;55000;37.931868,-121.6957863
Davis;521;California;11.9;66205;38.5449065,-121.7405167
La Mirada;761;California;4.6;49133;33.9172357,-118.0120086
Smyrna;855;Tennessee;54.9;43060;35.9828412,-86.5186045
Altoona;812;Pennsylvania;-7.3;45796;40.5186809,-78.3947359
Dothan;502;Alabama;16.6;68001;31.2232313,-85.3904888
East Orange;540;New Jersey;-7.4;64544;40.767323,-74.2048677
Tinley Park;630;Illinois;16.3;57282;41.5731442,-87.7932939
Biloxi;825;Mississippi;-11.5;44820;30.3960318,-88.8853078
Urbana;878;Illinois;10.3;41752;40.1105875,-88.2072697
Garden Grove;135;California;5.8;175140;33.7739053,-117.9414477
Lynwood;471;California;2.0;71371;33.930293,-118.2114603
Northglenn;982;Colorado;15.5;37499;39.8961821,-104.9811468
Canton;463;Ohio;-10.3;72535;40.7989473,-81.378447
Brookhaven;729;Georgia;;50603;33.8651033,-84.3365917
Baton Rouge;93;Louisiana;0.4;229426;30.4582829,-91.1403196
Bristol;583;Connecticut;0.4;60568;41.6717648,-72.9492703
Independence;227;Missouri;3.2;117240;39.0911161,-94.4155068
Lansing;236;Michigan;-4.4;113972;42.732535,-84.5555347
Orland Park;614;Illinois;13.9;58590;41.6303103,-87.8539425
Vineland;578;New Jersey;9.3;61050;39.4863773,-75.0259637
Green Bay;272;Wisconsin;1.9;104779;44.519159,-88.019826
Evanston;439;Illinois;1.9;75570;42.0450722,-87.6876969
Ocoee;947;Florida;57.9;39172;28.5691677,-81.5439619
Los Angeles;2;California;4.8;3884307;34.0522342,-118.2436849
Federal Way;324;Washington;8.8;92734;47.3223221,-122.3126222
West Jordan;250;Utah;38.4;110077;40.6096698,-111.9391031
Yucaipa;698;California;26.8;52536;34.033625,-117.0430865
Pittsburgh;62;Pennsylvania;-8.3;305841;40.4406248,-79.9958864
Downey;238;California;5.3;113242;33.9401088,-118.1331593
Cicero;377;Illinois;-1.6;84103;41.8455877,-87.7539448
South Gate;312;California;-0.8;95677;33.954737,-118.2120161
Panama City;1000;Florida;0.1;36877;30.1588129,-85.6602058
Joplin;726;Missouri;11.2;50789;37.0842271,-94.513281
League City;337;Texas;98.3;90983;29.5074538,-95.0949303
Salt Lake City;124;Utah;5.1;191180;40.7607793,-111.8910474
Fort Pierce;854;Florida;6.9;43074;27.4467056,-80.3256056
Phoenix;6;Arizona;14.0;1513367;33.4483771,-112.0740373
Corvallis;659;Oregon;11.8;55298;44.5645659,-123.2620435
Cedar Hill;798;Texas;42.4;46663;32.5884689,-96.9561152
Chicopee;654;Massachusetts;1.7000000000000002;55717;42.1487043,-72.6078672
Ocala;629;Florida;20.8;57468;29.1871986,-82.1400923
Roswell;318;Georgia;15.2;94034;34.0232431,-84.3615555
Park Ridge;972;Illinois;0.1;37839;42.0111412,-87.8406192
Concord;869;New Hampshire;4.1;42419;43.2081366,-71.5375718
Olympia;776;Washington;12.1;48338;47.0378741,-122.9006951
Huntington Beach;117;California;3.9;197575;33.660297,-117.9992265
Corpus Christi;60;Texas;14.1;316381;27.8005828,-97.396381
Haverhill;564;Massachusetts;5.0;62088;42.7762015,-71.0772796
Hanover Park;961;Illinois;0.6000000000000001;38510;41.9994722,-88.1450735
Cambridge;264;Massachusetts;5.5;107289;42.3736158,-71.1097335
Glendale;87;Arizona;5.7;234632;33.5386523,-112.1859866
Stanton;958;California;2.8;38623;33.8025155,-117.9931165
Summerville;807;South Carolina;62.9;46074;33.0185039,-80.1756481
Davenport;283;Iowa;3.9;102157;41.5236437,-90.5776367
Boca Raton;345;Florida;7.5;89407;26.3683064,-80.1289321
New Britain;461;Connecticut;1.9;72939;41.6612104,-72.7795419
Roseville;786;Michigan;-1.0;47555;42.4972583,-82.9371409
Cleveland Heights;820;Ohio;-10.3;45394;41.5200518,-81.556235
Gresham;254;Oregon;20.7;109397;45.5001357,-122.4302013
Lauderhill;488;Florida;4.2;69813;26.1403635,-80.2133808
Hendersonville;680;Tennessee;31.7;54068;36.3047735,-86.6199957
Santa Clara;220;California;17.4;120245;37.3541079,-121.9552356
Oceanside;137;California;6.6;172794;33.1958696,-117.3794834
Lake Forest;408;California;4.2;79312;33.6469661,-117.689218
Novi;624;Michigan;22.0;57960;42.48059,-83.4754913
West New York;705;New Jersey;13.3;52122;40.7878788,-74.0143064
Everett;858;Massachusetts;12.1;42935;42.40843,-71.0536625
Linden;886;New Jersey;4.7;41301;40.6220478,-74.2445902
Asheville;357;North Carolina;19.6;87236;35.5950581,-82.5514869
Compton;301;California;4.5;97877;33.8958492,-118.2200712
Aliso Viejo;741;California;25.4;50175;33.5676842,-117.7256083
Menifee;384;California;95.0;83447;33.6971468,-117.185294
Loveland;472;Colorado;37.4;71334;40.3977612,-105.0749801
Carpentersville;965;Illinois;22.8;38241;42.1211364,-88.2578582
Providence;134;Rhode Island;2.3;177994;41.8239891,-71.4128343
Hialeah;89;Florida;3.2;233394;25.8575963,-80.2781057
San Ramon;449;California;65.8;74513;37.7799273,-121.9780153
Ontario;144;California;5.5;167500;34.0633443,-117.6508876
Kirkland;373;Washington;87.5;84430;47.6814875,-122.2087353
St. George;431;Utah;53.1;76817;37.0965278,-113.5684164
Hilton Head Island;938;South Carolina;16.0;39412;32.216316,-80.752608
Glendale;121;California;0.30000000000000004;196021;34.1425078,-118.255075
Meriden;586;Connecticut;3.7;60456;41.5381535,-72.8070435
Gardena;593;California;3.4;59957;33.8883487,-118.3089624
Westfield;887;Massachusetts;3.0;41301;42.1250929,-72.749538
Elgin;249;Illinois;16.0;110145;42.0354084,-88.2825668
Plano;70;Texas;22.4;274409;33.0198431,-96.6988856
Longmont;344;Colorado;24.4;89919;40.1672068,-105.1019275
Coppell;918;Texas;10.3;40342;32.9545687,-97.0150078
Lakewood;722;Ohio;-9.4;51143;41.4819932,-81.7981908
Jonesboro;469;Arkansas;28.3;71551;35.8422967,-90.704279
College Station;293;Texas;45.2;100050;30.627977,-96.3344068
Dearborn;311;Michigan;-2.0;95884;42.3222599,-83.1763145
Utica;567;New York;2.2;61808;43.100903,-75.232664
Monroe;749;Louisiana;-6.1;49761;32.5093109,-92.1193012
Baltimore;26;Maryland;-4.0;622104;39.2903848,-76.6121893
Springfield;148;Missouri;7.8;164122;37.2089572,-93.2922989
Pine Bluff;805;Arkansas;-16.2;46094;34.2284312,-92.0031955
Plainfield;730;New Jersey;5.7;50588;40.6337136,-74.4073736
Lynn;333;Massachusetts;2.6;91589;42.466763,-70.9494938
Woodbury;528;Minnesota;39.8;65656;44.9238552,-92.9593797
Gainesville;204;Florida;12.8;127488;29.6516344,-82.3248262
West Sacramento;746;California;55.6;49891;38.5804609,-121.530234
Sammamish;742;Washington;44.1;50169;47.6162683,-122.0355736
Aventura;991;Florida;47.2;37199;25.9564812,-80.1392121
Fayetteville;411;Arkansas;32.9;78960;36.0625795,-94.1574263
San Rafael;609;California;5.0;58994;37.9735346,-122.5310874
Conway;546;Arkansas;46.1;63816;35.0886963,-92.4421011
Tacoma;107;Washington;4.9;203446;47.2528768,-122.4442906
Middletown;791;Connecticut;3.6;47333;41.5623209,-72.6506488
Burlington;870;Vermont;6.1;42284;44.4758825,-73.212072
Twin Falls;808;Idaho;31.5;45981;42.5629668,-114.4608711
Sherman;946;Texas;11.6;39296;33.6356618,-96.6088805
Lynchburg;423;Virginia;19.5;78014;37.4137536,-79.1422464
Bowie;637;Maryland;8.6;56759;39.0067768,-76.7791365
Danbury;380;Connecticut;11.4;83684;41.394817,-73.4540111
Charlottesville;831;Virginia;10.5;44349;38.0293059,-78.4766781
Coral Gables;752;Florida;16.1;49631;25.72149,-80.2683838
Coeur d'Alene;801;Idaho;32.8;46402;47.6776832,-116.7804664
El Monte;234;California;-0.4;115708;34.0686206,-118.0275667
Crystal Lake;912;Illinois;5.3;40388;42.2411344,-88.3161965
Danville;846;California;3.7;43341;37.8215929,-121.9999606
Goodyear;462;Arizona;271.0;72864;33.4353394,-112.3576567
Paterson;175;New Jersey;-2.2;145948;40.9167654,-74.171811
Salem;152;Oregon;16.4;160614;44.9428975,-123.0350963
Kissimmee;534;Florida;32.6;65173;28.2919557,-81.407571
Saginaw;736;Michigan;-18.2;50303;43.4194699,-83.9508068
Brownsville;131;Texas;26.8;181860;25.9017472,-97.4974838
Flower Mound;496;Texas;32.5;68609;33.0145673,-97.0969552
Grapevine;740;Texas;17.6;50195;32.9342919,-97.0780654
Edina;756;Minnesota;4.1;49376;44.8896866,-93.3499489
Detroit;18;Michigan;-27.1;688701;42.331427,-83.0457538
Fairfield;865;Ohio;1.2;42635;39.3454673,-84.5603187
Mansfield;581;Texas;114.2;60872;32.5631924,-97.1416768
Rochester;103;New York;-4.1;210358;43.16103,-77.6109219
Birmingham;101;Alabama;-12.3;212113;33.5206608,-86.80249
Austin;11;Texas;31.7;885400;30.267153,-97.7430608
Santa Barbara;339;California;0.9;90412;34.4208305,-119.6981901
Addison;986;Illinois;2.6;37385;41.931696,-87.9889556
Rio Rancho;329;New Mexico;74.4;91956;35.2327544,-106.6630437
Normal;671;Illinois;19.7;54664;40.5142026,-88.9906312
Romeoville;931;Illinois;79.5;39650;41.6475306,-88.0895061
